N,A,B,C,D,L1,L2,L3,L4,L5,L6,L7,L8,L9,L10
0,0,0,0,0,0,0,0,0,0,0,0,0,0,0
1,0,0,0,1,1,0,0,0,0,0,0,0,0,0
2,0,0,1,0,1,1,0,0,0,0,0,0,0,0
3,0,0,1,1,1,1,1,0,0,0,0,0,0,0
4,0,1,0,0,1,1,1,1,0,0,0,0,0,0
5,0,1,0,1,1,1,1,1,1,0,0,0,0,0
6,0,1,1,0,1,1,1,1,1,1,0,0,0,0
7,0,1,1,1,1,1,1,1,1,1,1,0,0,0
8,1,0,0,0,1,1,1,1,1,1,1,1,0,0
9,1,0,0,1,1,1,1,1,1,1,1,1,1,0
10,1,0,1,0,1,1,1,1,1,1,1,1,1,1
11,1,0,1,1,X,X,X,X,X,X,X,X,X,X
12,1,1,0,0,X,X,X,X,X,X,X,X,X,X
13,1,1,0,1,X,X,X,X,X,X,X,X,X,X
14,1,1,1,0,X,X,X,X,X,X,X,X,X,X
15,1,1,1,1,X,X,X,X,X,X,X,X,X,X
